track,artist,length
綺羅キラー,"ZUTOMAYO, Mori Calliope",253066
"Aoku Aoku Hikaru feat. ACANE, nulut","Lanndo, ZUTOMAYO, ACANE, nulut",227317
残機,ZUTOMAYO,230066
夏枯れ,ZUTOMAYO,236133
消えてしまいそうです,ZUTOMAYO,257799
ミラーチューン,ZUTOMAYO,249273
違う曲にしようよ,ZUTOMAYO,219693
袖のキルト,ZUTOMAYO,255173
あいつら全員同窓会,ZUTOMAYO,255506
猫リセット,ZUTOMAYO,247106
夜中のキスミ,ZUTOMAYO,275413
ばかじゃないのに,ZUTOMAYO,258213
胸の煙,ZUTOMAYO,249626
正しくなれない,ZUTOMAYO,240066
お勉強しといてよ,ZUTOMAYO,279200
勘ぐれい,ZUTOMAYO,249693
はゔぁ,ZUTOMAYO,218813
機械油,ZUTOMAYO,196360
暗く黒く,ZUTOMAYO,249293
MILABO,ZUTOMAYO,269413
ろんりねす,ZUTOMAYO,293760
繰り返す収穫,ZUTOMAYO,234040
過眠,ZUTOMAYO,253026
低血ボルト,ZUTOMAYO,215826
奥底に眠るルーツ,ZUTOMAYO,263840
暗く黒く - Twin Piano Live ver.,ZUTOMAYO,267546
低血ボルト,ZUTOMAYO,214466
お勉強しといてよ,ZUTOMAYO,279026
Ham,ZUTOMAYO,220386
JK BOMBER,ZUTOMAYO,235253
マリンブルーの庭園,ZUTOMAYO,214266
MILABO,ZUTOMAYO,267906
脳裏上のクラッカー,ZUTOMAYO,270000
勘冴えて悔しいわ,ZUTOMAYO,236960
居眠り遠征隊,ZUTOMAYO,218333
ハゼ馳せる果てるまで,ZUTOMAYO,244706
蹴っ飛ばした毛布,ZUTOMAYO,266426
Dear Mr「F」,ZUTOMAYO,326266
こんなこと騒動,ZUTOMAYO,297866
眩しいDNAだけ,ZUTOMAYO,227666
ヒューマノイド,ZUTOMAYO,259866
グラスとラムレーズン,ZUTOMAYO,234093
正義,ZUTOMAYO,271573
優しくLAST SMILE,ZUTOMAYO,245773
秒針を噛む,ZUTOMAYO,260800
勘冴えて悔しいわ,ZUTOMAYO,238346
正義,ZUTOMAYO,270960
またね幻,ZUTOMAYO,242453
マイノリティ脈絡,ZUTOMAYO,300160
彷徨い酔い温度,ZUTOMAYO,292840
眩しいDNAだけ,ZUTOMAYO,226306
秒針を噛む,ZUTOMAYO,258626
ヒューマノイド,ZUTOMAYO,259320
サターン,ZUTOMAYO,250000
雲丹と栗,ZUTOMAYO,272546
脳裏上のクラッカー,ZUTOMAYO,269880
君がいて水になる,ZUTOMAYO,285280
